id,pollutant_id,Prediction_LDA,Prediction_Bayes
1,SO2,NO2,NO2
2,NH3,SO2,SO2
3,CO,NO2,NO2
6,CO,NO2,NO2
7,PM10,CO,NO2
8,CO,NO2,NO2
9,PM2.5,CO,CO
11,PM2.5,PM10,PM10
13,SO2,NO2,NO2
14,OZONE,NO2,NO2
15,PM2.5,PM10,PM10
17,NH3,NO2,NO2
18,CO,NO2,NO2
19,NH3,NO2,NO2
26,NH3,NH3,SO2
27,OZONE,NO2,NO2
29,CO,NO2,NO2
32,OZONE,SO2,NO2
33,PM2.5,PM10,PM10
34,OZONE,NO2,NO2
35,NO2,PM10,PM10
36,NH3,SO2,NO2
37,OZONE,NO2,NO2
39,CO,OZONE,OZONE
41,PM2.5,PM10,PM10
42,OZONE,CO,CO
43,NO2,OZONE,OZONE
44,CO,PM10,PM10
47,NO2,PM10,PM10
48,NH3,NO2,NO2
50,CO,PM2.5,PM2.5
51,OZONE,OZONE,NO2
53,NH3,SO2,SO2
54,OZONE,SO2,SO2
55,PM2.5,SO2,SO2
56,NO2,CO,CO
57,SO2,OZONE,OZONE
59,PM2.5,PM10,PM10
61,CO,OZONE,OZONE
62,NO2,OZONE,OZONE
65,OZONE,NH3,SO2
66,PM2.5,NH3,NO2
67,PM2.5,PM10,PM10
68,NO2,NH3,SO2
70,NO2,PM10,PM10
71,PM2.5,CO,CO
72,PM10,SO2,SO2
73,NO2,CO,CO
74,PM2.5,SO2,SO2
80,NO2,CO,CO
81,NH3,NH3,SO2
82,PM10,PM2.5,PM2.5
83,NH3,NH3,NO2
84,CO,PM2.5,PM2.5
85,PM10,PM2.5,PM2.5
86,OZONE,NO2,NO2
87,PM2.5,PM10,PM10
89,NO2,OZONE,OZONE
94,CO,OZONE,OZONE
95,SO2,NH3,NO2
97,CO,PM10,PM10
98,PM10,PM2.5,PM2.5
103,PM10,PM2.5,PM2.5
106,NH3,NH3,SO2
110,NH3,NH3,SO2
113,PM10,NH3,SO2
114,NO2,CO,CO
116,SO2,OZONE,OZONE
117,PM10,PM2.5,PM2.5
118,CO,CO,NO2
121,PM10,PM2.5,PM2.5
122,NO2,PM2.5,PM2.5
123,PM10,PM2.5,PM2.5
125,NH3,NH3,SO2
126,CO,OZONE,OZONE
127,NO2,NH3,SO2
128,CO,OZONE,OZONE
130,OZONE,NH3,SO2
131,NO2,NH3,SO2
132,OZONE,NH3,SO2
133,PM2.5,CO,CO
134,NH3,NH3,SO2
136,NO2,NH3,SO2
137,NO2,NH3,SO2
138,NH3,NH3,SO2
139,SO2,CO,CO
140,OZONE,NH3,NO2
141,PM10,CO,CO
144,PM2.5,PM10,PM10
146,CO,OZONE,OZONE
147,OZONE,SO2,SO2
148,NO2,PM10,PM10
149,CO,SO2,NO2
153,NH3,NH3,SO2
155,CO,OZONE,OZONE
160,NO2,NH3,SO2
161,NH3,NH3,SO2
162,CO,OZONE,OZONE
165,NO2,NH3,SO2
167,PM10,PM2.5,PM2.5
172,SO2,OZONE,OZONE
173,OZONE,NH3,SO2
175,NO2,SO2,SO2
177,OZONE,SO2,NO2
178,NH3,NH3,SO2
179,SO2,NO2,NO2
181,SO2,SO2,NO2
182,OZONE,SO2,NO2
183,PM2.5,PM10,PM10
186,NO2,SO2,SO2
187,OZONE,NO2,NO2
188,PM2.5,PM10,PM10
190,PM2.5,PM10,PM10
191,NO2,SO2,SO2
192,NH3,SO2,SO2
197,SO2,NO2,NO2
198,OZONE,SO2,SO2
199,PM10,NH3,NO2
200,PM10,CO,CO
201,NO2,NH3,SO2
202,NH3,NH3,SO2
203,NH3,NH3,SO2
204,CO,NO2,NO2
206,PM2.5,PM10,PM10
208,PM2.5,CO,NO2
209,NO2,NH3,SO2
210,CO,NH3,NO2
211,NH3,NH3,SO2
212,NO2,NH3,SO2
214,NO2,NH3,SO2
215,OZONE,NH3,SO2
216,NH3,NH3,SO2
217,CO,NH3,SO2
218,PM10,NO2,NO2
220,NO2,NH3,SO2
224,CO,OZONE,OZONE
226,CO,NO2,NO2
228,PM10,NO2,NO2
230,CO,NO2,NO2
232,PM2.5,NO2,NO2
233,PM10,NO2,NO2
234,PM10,NO2,NO2
235,OZONE,CO,CO
236,PM10,PM2.5,PM2.5
237,CO,NO2,NO2
238,OZONE,SO2,SO2
239,PM10,NH3,SO2
240,NO2,NH3,SO2
241,CO,NO2,NO2
242,PM2.5,OZONE,OZONE
243,NO2,SO2,SO2
244,CO,OZONE,OZONE
245,NH3,SO2,SO2
246,OZONE,SO2,NO2
247,SO2,NO2,NO2
249,PM2.5,NO2,NO2
251,NH3,NH3,SO2
255,CO,NO2,NO2
257,PM2.5,NH3,SO2
259,OZONE,SO2,SO2
260,CO,SO2,NO2
261,PM2.5,PM10,PM10
263,NO2,CO,CO
264,NO2,OZONE,OZONE
266,CO,NO2,NO2
269,NO2,OZONE,CO
270,NH3,SO2,SO2
272,PM2.5,PM10,PM10
273,PM10,CO,CO
274,CO,OZONE,OZONE
277,PM2.5,PM10,PM10
280,NH3,NH3,SO2
281,CO,OZONE,NO2
283,SO2,NO2,NO2
284,NO2,OZONE,OZONE
285,NH3,NH3,SO2
288,NO2,NH3,SO2
291,NH3,NH3,SO2
292,NO2,CO,CO
293,SO2,SO2,NO2
294,CO,NO2,NO2
296,NO2,PM10,PM10
297,OZONE,SO2,NO2
298,CO,NO2,NO2
300,PM2.5,PM10,PM10
303,CO,NO2,NO2
304,PM2.5,PM10,PM10
305,PM10,PM2.5,PM2.5
306,CO,OZONE,OZONE
313,CO,NO2,NO2
314,OZONE,SO2,SO2
315,NO2,CO,CO
317,SO2,SO2,NO2
318,PM2.5,CO,CO
321,NH3,NH3,SO2
322,OZONE,SO2,SO2
323,NO2,SO2,SO2
324,PM2.5,OZONE,OZONE
325,NH3,SO2,SO2
327,OZONE,SO2,SO2
329,NH3,SO2,SO2
332,CO,PM10,PM10
334,CO,NO2,NO2
335,CO,OZONE,OZONE
336,NO2,SO2,SO2
338,NH3,SO2,SO2
339,OZONE,CO,CO
344,NO2,CO,CO
346,CO,NO2,NO2
347,NO2,SO2,SO2
348,CO,NO2,NO2
350,PM10,NH3,SO2
351,OZONE,NH3,SO2
352,NO2,SO2,SO2
353,CO,OZONE,OZONE
357,PM2.5,PM10,PM10
361,NH3,NH3,SO2
362,CO,NH3,NO2
364,NO2,NH3,SO2
365,SO2,NO2,NO2
366,NO2,OZONE,OZONE
367,SO2,CO,CO
369,NH3,SO2,SO2
370,SO2,SO2,NO2
371,PM10,PM2.5,PM2.5
373,PM10,PM2.5,PM2.5
374,CO,SO2,NO2
375,NO2,SO2,SO2
376,OZONE,SO2,SO2
378,PM10,PM2.5,PM2.5
380,SO2,NO2,NO2
381,NO2,PM10,PM10
382,NH3,NO2,NO2
383,CO,OZONE,OZONE
384,PM2.5,NO2,NO2
385,PM2.5,SO2,SO2
387,OZONE,PM2.5,PM2.5
389,NH3,SO2,SO2
390,PM2.5,NO2,NO2
391,PM10,NO2,NO2
392,NO2,NH3,SO2
393,CO,OZONE,OZONE
394,CO,SO2,SO2
395,OZONE,NO2,NO2
396,OZONE,NO2,NO2
399,CO,OZONE,OZONE
400,CO,NO2,NO2
401,PM10,CO,CO
402,CO,NO2,NO2
405,PM2.5,PM10,PM10
406,NO2,NH3,SO2
408,CO,NO2,NO2
409,NO2,OZONE,OZONE
410,PM2.5,PM10,PM10
411,PM10,NO2,NO2
412,NO2,SO2,SO2
418,CO,SO2,SO2
419,SO2,CO,CO
420,PM2.5,PM10,PM10
423,CO,NH3,SO2
424,PM2.5,PM10,PM10
426,NO2,SO2,SO2
430,NH3,NH3,SO2
431,NH3,NH3,SO2
432,CO,SO2,NO2
434,PM2.5,PM10,PM10
435,CO,NO2,NO2
436,NO2,NH3,SO2
437,NH3,NH3,SO2
441,NH3,NH3,SO2
442,CO,NO2,NO2
444,NO2,NH3,SO2
446,NH3,NH3,SO2
447,NH3,NH3,SO2
448,CO,OZONE,OZONE
451,NH3,NH3,SO2
452,CO,NO2,NO2
453,CO,NO2,NO2
456,PM10,PM2.5,PM2.5
457,NO2,NH3,SO2
458,CO,CO,NO2
459,NO2,OZONE,OZONE
461,NH3,NH3,SO2
463,NH3,NH3,SO2
465,CO,OZONE,OZONE
467,NO2,PM10,PM10
470,NH3,SO2,SO2
471,NO2,OZONE,OZONE
474,NH3,NH3,SO2
476,NH3,SO2,SO2
478,CO,NO2,NO2
480,NH3,NH3,SO2
485,NO2,SO2,SO2
486,OZONE,NO2,NO2
487,NH3,SO2,SO2
490,PM10,PM2.5,PM2.5
491,NH3,NO2,NO2
493,NH3,SO2,SO2
494,PM2.5,NH3,SO2
495,CO,NH3,SO2
496,NO2,PM10,PM10
497,PM2.5,PM10,PM10
498,PM2.5,CO,NO2
499,PM10,CO,CO
500,NH3,NH3,SO2
501,PM2.5,PM10,PM10
502,NH3,NH3,SO2
503,OZONE,NH3,SO2
504,PM2.5,NH3,SO2
505,NO2,NH3,SO2
507,PM2.5,CO,NO2
508,OZONE,NH3,SO2
509,CO,SO2,SO2
510,OZONE,SO2,SO2
511,PM10,SO2,SO2
514,CO,OZONE,OZONE
515,PM10,NO2,NO2
519,CO,NO2,NO2
521,CO,NH3,SO2
523,OZONE,NH3,SO2
525,OZONE,NO2,NO2
527,NO2,SO2,SO2
529,OZONE,NH3,SO2
530,NO2,NH3,SO2
531,OZONE,NH3,SO2
532,OZONE,NH3,SO2
533,NO2,CO,CO
534,PM2.5,PM10,PM10
537,NH3,NH3,SO2
538,OZONE,NH3,SO2
539,PM2.5,PM10,PM10
540,PM2.5,PM10,PM10
541,OZONE,SO2,SO2
543,OZONE,NO2,NO2
544,PM10,NH3,SO2
545,CO,SO2,SO2
546,NH3,NH3,SO2
550,NH3,NH3,SO2
551,NH3,NH3,SO2
552,CO,SO2,NO2
555,NO2,CO,CO
556,NH3,NH3,SO2
557,CO,OZONE,OZONE
560,NH3,NH3,SO2
563,PM2.5,PM10,PM10
564,NO2,SO2,SO2
565,CO,OZONE,OZONE
567,NO2,SO2,SO2
568,PM10,CO,CO
569,NH3,SO2,SO2
577,OZONE,SO2,SO2
578,NO2,SO2,SO2
579,NH3,SO2,SO2
581,CO,NO2,NO2
584,CO,OZONE,OZONE
585,OZONE,PM10,PM10
588,CO,SO2,SO2
589,SO2,NO2,NO2
591,NO2,SO2,CO
593,NO2,NH3,SO2
594,PM10,PM2.5,PM2.5
596,CO,OZONE,OZONE
597,NH3,SO2,SO2
599,SO2,SO2,NO2
600,PM2.5,PM10,PM10
602,SO2,NO2,NO2
603,NO2,SO2,SO2
605,NH3,SO2,SO2
606,PM2.5,CO,NO2
607,PM10,CO,CO
608,NO2,SO2,SO2
609,PM2.5,CO,CO
611,OZONE,SO2,SO2
612,PM10,CO,NO2
613,NH3,SO2,SO2
616,NH3,NH3,SO2
618,PM2.5,PM10,PM10
621,PM10,PM2.5,PM2.5
622,CO,OZONE,OZONE
624,NO2,CO,CO
625,NH3,SO2,SO2
628,NH3,NH3,SO2
632,OZONE,NO2,NO2
633,SO2,NH3,NO2
634,CO,OZONE,OZONE
635,PM2.5,CO,NO2
636,PM2.5,OZONE,CO
637,PM10,CO,CO
640,SO2,NO2,NO2
643,NH3,SO2,SO2
645,CO,CO,NO2
646,OZONE,NO2,NO2
647,NH3,SO2,NO2
648,NH3,SO2,NO2
649,OZONE,NH3,SO2
650,NH3,NO2,NO2
654,SO2,NO2,NO2
655,PM2.5,NO2,NO2
657,CO,NO2,NO2
658,CO,OZONE,OZONE
659,PM10,NO2,NO2
660,PM2.5,NO2,NO2
661,PM10,NO2,NO2
662,NH3,NH3,SO2
665,NH3,NH3,SO2
667,NH3,NH3,SO2
668,OZONE,NH3,SO2
669,OZONE,NO2,NO2
671,CO,NH3,SO2
673,PM2.5,PM10,PM10
675,NH3,NH3,SO2
676,PM2.5,PM10,PM10
678,CO,OZONE,OZONE
680,PM2.5,PM10,PM10
682,NH3,NH3,SO2
683,CO,SO2,NO2
684,PM2.5,NO2,NO2
685,NO2,NH3,SO2
686,NH3,NH3,SO2
687,NO2,NH3,SO2
688,CO,OZONE,OZONE
691,NH3,SO2,SO2
692,NO2,SO2,SO2
693,OZONE,SO2,SO2
694,PM10,NH3,SO2
695,NO2,NH3,SO2
699,SO2,NO2,NO2
700,NH3,SO2,SO2
701,CO,OZONE,OZONE
702,NH3,NH3,SO2
703,OZONE,CO,NO2
704,SO2,NH3,NO2
706,PM2.5,NH3,SO2
707,CO,NO2,NO2
709,PM10,NH3,NO2
710,CO,NO2,NO2
711,PM10,CO,CO
712,SO2,NO2,NO2
714,PM2.5,CO,CO
715,CO,NO2,NO2
716,PM2.5,NO2,NO2
718,PM2.5,PM10,PM10
719,PM10,CO,CO
720,NH3,SO2,SO2
721,NH3,SO2,SO2
722,NH3,SO2,SO2
723,PM10,PM2.5,PM2.5
724,PM2.5,PM10,PM10
727,NO2,OZONE,OZONE
728,SO2,NH3,NO2
730,CO,NO2,NO2
733,PM10,PM2.5,PM2.5
734,NH3,NH3,SO2
735,PM2.5,PM10,PM10
736,PM2.5,NH3,SO2
737,NO2,OZONE,OZONE
739,NH3,NH3,SO2
742,CO,OZONE,OZONE
745,OZONE,NH3,SO2
746,NO2,OZONE,OZONE
749,NH3,NH3,SO2
750,CO,PM10,PM10
751,PM2.5,PM10,PM10
754,NH3,NH3,NO2
756,NO2,NH3,SO2
757,PM10,PM2.5,PM2.5
758,NH3,NH3,NO2
759,CO,OZONE,OZONE
760,NH3,NH3,SO2
761,PM10,PM2.5,PM2.5
763,CO,CO,NO2
764,NH3,NH3,SO2
767,NH3,NH3,SO2
768,NH3,NH3,SO2
769,SO2,SO2,NO2
773,OZONE,NH3,SO2
774,PM10,PM2.5,PM2.5
775,CO,OZONE,OZONE
776,PM2.5,PM10,PM10
777,OZONE,NH3,SO2
780,CO,NH3,SO2
781,OZONE,NH3,SO2
782,NO2,OZONE,CO
786,PM2.5,CO,NO2
787,PM10,CO,CO
788,OZONE,NH3,SO2
789,PM10,OZONE,OZONE
790,PM2.5,NO2,NO2
795,OZONE,NH3,SO2
798,OZONE,NH3,NO2
799,PM2.5,PM10,PM10
803,PM2.5,PM10,PM10
804,CO,OZONE,OZONE
805,OZONE,NH3,SO2
806,OZONE,SO2,NO2
807,PM2.5,PM10,PM10
810,PM10,PM2.5,PM2.5
815,CO,OZONE,OZONE
816,OZONE,SO2,NO2
818,NH3,SO2,SO2
819,CO,CO,NO2
823,NO2,OZONE,OZONE
824,NH3,NH3,SO2
826,PM2.5,SO2,SO2
827,SO2,CO,CO
828,PM2.5,CO,CO
829,CO,NH3,SO2
830,PM2.5,NH3,SO2
831,NH3,NH3,SO2
832,PM2.5,CO,NO2
833,NH3,NH3,SO2
835,NH3,NH3,SO2
836,CO,OZONE,OZONE
837,PM2.5,NH3,SO2
839,CO,NH3,NO2
840,PM2.5,CO,CO
841,NO2,NH3,SO2
842,NH3,NH3,SO2
843,CO,OZONE,OZONE
846,NH3,NH3,SO2
848,NO2,NH3,SO2
849,CO,NO2,NO2
851,PM2.5,OZONE,OZONE
852,NO2,NH3,SO2
853,NH3,NH3,SO2
854,CO,NH3,NO2
855,OZONE,NH3,SO2
856,PM10,SO2,NO2
857,PM2.5,OZONE,OZONE
858,PM10,CO,NO2
861,PM2.5,PM10,PM10
862,PM2.5,NO2,NO2
863,NO2,OZONE,OZONE
864,NH3,NH3,SO2
866,CO,NO2,NO2
868,NO2,SO2,SO2
869,NO2,NH3,SO2
870,PM2.5,NO2,NO2
871,NO2,NH3,SO2
872,NH3,NH3,SO2
874,PM2.5,OZONE,NO2
875,OZONE,SO2,NO2
876,PM2.5,NO2,NO2
877,PM10,NO2,NO2
880,NH3,SO2,SO2
881,CO,OZONE,OZONE
882,OZONE,SO2,SO2
884,CO,SO2,NO2
885,PM2.5,CO,CO
886,PM10,NO2,NO2
888,PM2.5,SO2,NO2
889,NH3,NH3,SO2
891,NH3,NH3,SO2
892,NH3,SO2,SO2
893,NO2,SO2,SO2
894,CO,NO2,NO2
896,PM10,PM2.5,PM2.5
897,NH3,NH3,SO2
900,NO2,NH3,SO2
902,SO2,NO2,NO2
904,PM2.5,PM10,PM10
905,PM10,PM2.5,PM2.5
906,NO2,PM10,PM10
907,NH3,NH3,SO2
908,CO,SO2,SO2
909,OZONE,NH3,SO2
911,CO,SO2,NO2
913,NH3,NH3,SO2
914,CO,OZONE,OZONE
916,PM10,PM2.5,PM2.5
917,NH3,NH3,SO2
920,PM10,OZONE,OZONE
922,NH3,SO2,SO2
923,NO2,SO2,SO2
924,PM2.5,OZONE,OZONE
925,PM10,CO,CO
926,OZONE,CO,CO
927,NH3,SO2,SO2
932,NO2,OZONE,OZONE
933,PM10,OZONE,OZONE
936,PM10,NH3,SO2
941,SO2,SO2,NO2
944,NH3,NH3,SO2
946,PM2.5,PM10,PM10
948,NH3,NH3,SO2
951,CO,SO2,NO2
952,NO2,NH3,SO2
953,NH3,NH3,SO2
956,PM2.5,PM10,PM10
957,CO,SO2,NO2
959,NO2,OZONE,OZONE
960,NH3,NO2,NO2
961,SO2,NO2,NO2
963,NO2,CO,CO
964,NH3,SO2,SO2
967,NH3,SO2,SO2
969,PM10,PM2.5,PM2.5
970,NO2,NH3,SO2
971,PM2.5,PM10,PM10
973,PM10,PM2.5,PM2.5
975,PM2.5,NH3,SO2
976,NH3,NH3,SO2
978,OZONE,SO2,SO2
981,NH3,SO2,SO2
982,NH3,SO2,SO2
985,NO2,OZONE,OZONE
986,SO2,OZONE,OZONE
987,CO,CO,NO2
989,CO,SO2,NO2
991,NO2,CO,PM10
992,SO2,OZONE,OZONE
995,NH3,NH3,SO2
997,NH3,NH3,SO2
998,PM2.5,NH3,SO2
999,PM2.5,CO,CO
1000,NH3,NH3,SO2
1001,PM2.5,PM10,PM10
1003,CO,OZONE,OZONE
1004,PM2.5,PM10,PM10
1005,SO2,OZONE,NO2
1006,NH3,NH3,NO2
1008,NO2,NH3,SO2
1009,NO2,OZONE,OZONE
1012,NH3,NH3,SO2
1013,CO,NO2,NO2
1015,NO2,OZONE,OZONE
1016,NH3,NO2,NO2
1018,PM2.5,PM10,PM10
1020,CO,NO2,NO2
1024,NH3,NH3,SO2
1026,NH3,SO2,SO2
1029,PM10,PM2.5,PM2.5
1030,NO2,SO2,SO2
1031,PM10,SO2,SO2
1032,PM2.5,CO,NO2
1034,PM10,PM2.5,PM2.5
1035,NH3,SO2,SO2
1037,NO2,SO2,SO2
1042,SO2,NO2,NO2
1043,PM10,CO,CO
1045,NO2,SO2,SO2
1048,PM2.5,SO2,SO2
1049,NO2,SO2,SO2
1052,SO2,NO2,NO2
1054,SO2,NO2,NO2
1055,CO,NO2,NO2
1058,OZONE,NO2,NO2
1059,PM10,NO2,NO2
1061,NH3,NO2,NO2
1062,NH3,NH3,SO2
1064,OZONE,NH3,SO2
1065,NH3,NH3,SO2
1067,CO,OZONE,NO2
1068,CO,SO2,SO2
1069,OZONE,NH3,SO2
1070,PM10,CO,CO
1071,NH3,NH3,SO2
1074,CO,OZONE,OZONE
1075,NH3,NH3,SO2
1076,PM10,OZONE,OZONE
1077,NH3,NH3,SO2
1078,NO2,NH3,SO2
1079,PM2.5,PM10,PM10
1081,PM2.5,PM10,PM10
1082,PM10,PM2.5,PM2.5
1085,OZONE,SO2,NO2
1086,NO2,CO,CO
1087,NH3,SO2,SO2
1088,CO,NO2,NO2
1089,OZONE,NO2,NO2
1090,PM2.5,NO2,NO2
1092,OZONE,NH3,SO2
1093,CO,PM10,PM10
1094,CO,NO2,NO2
1095,NH3,NH3,SO2
1096,OZONE,SO2,SO2
1098,SO2,NO2,NO2
1099,OZONE,SO2,NO2
1102,PM10,CO,CO
1103,PM10,PM2.5,PM2.5
1104,SO2,NO2,NO2
1108,NH3,NH3,SO2
1109,SO2,NO2,NO2
1111,NH3,NH3,SO2
1117,NH3,NH3,SO2
1120,NH3,NH3,SO2
1122,PM10,NH3,SO2
1124,OZONE,NO2,NO2
1129,NO2,CO,CO
1130,NO2,NH3,SO2
1131,OZONE,CO,CO
1136,NH3,SO2,SO2
1137,NH3,NH3,SO2
1138,SO2,NO2,NO2
1139,PM10,PM2.5,PM2.5
1140,NO2,PM10,PM10
1141,SO2,SO2,NO2
1144,CO,SO2,NO2
1149,NH3,SO2,SO2
1151,CO,NO2,NO2
1152,NO2,OZONE,OZONE
1153,CO,OZONE,PM2.5
1158,PM2.5,NH3,SO2
1161,PM2.5,SO2,SO2
1163,PM2.5,OZONE,OZONE
1164,NO2,NH3,SO2
1165,OZONE,NH3,SO2
1166,PM10,CO,CO
1167,PM2.5,PM10,PM10
1169,SO2,SO2,NO2
1170,PM10,OZONE,OZONE
1171,NH3,NH3,SO2
1173,OZONE,SO2,SO2
1174,OZONE,SO2,SO2
1175,OZONE,SO2,SO2
1177,NH3,SO2,SO2
1179,PM2.5,SO2,NO2
1180,PM10,CO,NO2
1181,PM2.5,SO2,SO2
1182,NO2,SO2,SO2
1183,NO2,NH3,SO2
1184,NH3,NH3,SO2
1186,NO2,NH3,SO2
1189,NH3,NH3,SO2
1190,PM10,CO,CO
1191,NH3,NH3,SO2
1192,PM2.5,PM10,PM10
1193,PM2.5,PM10,PM10
1194,CO,NH3,SO2
1195,CO,SO2,NO2
1196,OZONE,NH3,SO2
1197,PM2.5,PM10,PM10
1198,PM10,CO,CO
1199,PM2.5,PM10,PM10
1203,NO2,NH3,SO2
1205,NH3,NH3,SO2
1206,CO,OZONE,OZONE
1210,CO,PM10,PM10
1211,NO2,CO,CO
1214,NO2,OZONE,OZONE
1219,NO2,CO,CO
1220,SO2,NO2,NO2
1221,OZONE,NO2,NO2
1222,CO,NH3,SO2
1223,OZONE,SO2,SO2
1224,PM2.5,PM10,PM10
1225,NO2,NH3,SO2
1227,NO2,NH3,SO2
1228,OZONE,SO2,SO2
1229,NH3,SO2,SO2
1230,NH3,NH3,SO2
1232,PM2.5,PM10,PM10
1233,OZONE,SO2,SO2
1235,NH3,NO2,NO2
1236,NH3,NH3,SO2
1237,NH3,NH3,SO2
1239,OZONE,SO2,SO2
1243,OZONE,SO2,SO2
1244,NO2,CO,CO
1245,NH3,SO2,SO2
1249,OZONE,PM10,PM10
1250,PM2.5,PM10,PM10
1252,NO2,SO2,SO2
1255,OZONE,SO2,SO2
1256,NH3,SO2,SO2
1257,OZONE,SO2,SO2
1258,PM2.5,PM10,PM10
1259,NH3,SO2,SO2
1260,OZONE,SO2,SO2
1261,NO2,SO2,SO2
1264,PM2.5,CO,CO
1265,OZONE,NO2,NO2
1267,NH3,NH3,SO2
1268,CO,NO2,NO2
1269,NO2,NH3,SO2
1272,PM10,PM2.5,PM2.5
1273,CO,PM10,PM10
1274,SO2,SO2,NO2
1275,NO2,NH3,SO2
1276,NH3,NH3,SO2
1278,SO2,NO2,NO2
1279,PM10,PM2.5,PM2.5
1281,PM2.5,PM10,PM10
1283,NO2,CO,CO
1287,CO,OZONE,OZONE
1288,PM2.5,PM10,PM10
1289,PM2.5,PM10,PM10
1290,SO2,SO2,NO2
1293,PM2.5,SO2,SO2
1294,NO2,SO2,SO2
1295,NO2,OZONE,OZONE
1298,PM2.5,PM10,PM10
1299,NO2,NH3,SO2
1304,PM10,NO2,NO2
1305,OZONE,NO2,NO2
1306,NH3,NO2,NO2
1307,CO,NO2,NO2
1308,OZONE,NO2,NO2
1309,PM2.5,PM10,PM10
1311,NH3,NO2,NO2
1312,SO2,NO2,NO2
1315,SO2,NO2,NO2
1316,PM10,PM2.5,PM2.5
1317,NO2,PM10,PM10
1320,CO,OZONE,OZONE
1322,SO2,NH3,NO2
1323,PM2.5,PM10,PM10
1326,NO2,NH3,SO2
1327,CO,NO2,NO2
1329,PM10,CO,CO
1331,NH3,SO2,SO2
1332,PM2.5,PM10,PM10
1334,PM10,NH3,SO2
1335,NH3,NH3,SO2
1336,CO,CO,NO2
1339,NH3,SO2,SO2
1341,NH3,SO2,SO2
1343,CO,SO2,NO2
1346,CO,OZONE,OZONE
1351,CO,OZONE,OZONE
1354,SO2,SO2,NO2
1355,CO,NO2,NO2
1356,OZONE,SO2,NO2
1358,NH3,SO2,NO2
1359,SO2,OZONE,OZONE
1360,NH3,NO2,NO2
1361,NH3,NO2,NO2
1363,OZONE,NH3,NO2
1364,CO,OZONE,OZONE
1367,NO2,NH3,SO2
1369,CO,OZONE,OZONE
1370,OZONE,NH3,SO2
1371,PM10,PM2.5,PM2.5
1372,NH3,NH3,SO2
1373,PM10,CO,CO
1374,SO2,SO2,NO2
1375,NH3,SO2,SO2
1377,CO,NO2,NO2
1378,CO,NO2,NO2
1379,SO2,NO2,NO2
1380,SO2,SO2,NO2
1381,CO,PM10,PM10
1384,PM10,PM2.5,PM2.5
1386,OZONE,NO2,NO2
1387,CO,CO,NO2
1388,OZONE,NO2,NO2
1392,NH3,NO2,NO2
1394,NH3,NH3,NO2
1395,PM10,PM2.5,PM2.5
1397,OZONE,NO2,NO2
1398,NH3,NH3,SO2
1400,NH3,NO2,NO2
1402,PM10,PM2.5,PM2.5
1404,OZONE,NO2,NO2
1405,NH3,NH3,SO2
1406,NH3,NH3,SO2
1409,PM10,PM2.5,PM2.5
1410,OZONE,OZONE,NO2
1412,CO,NO2,NO2
1413,PM10,PM2.5,PM2.5
1416,OZONE,NO2,NO2
1418,PM2.5,PM10,PM10
1419,NH3,NH3,SO2
1421,OZONE,NO2,NO2
1422,PM10,PM2.5,PM2.5
1423,OZONE,PM10,PM10
1424,NO2,CO,CO
1425,CO,OZONE,OZONE
1426,OZONE,NH3,SO2
1428,OZONE,OZONE,NO2
1429,NH3,NH3,SO2
1430,CO,OZONE,OZONE
1431,SO2,NH3,NO2
1432,OZONE,PM2.5,PM2.5
1435,NH3,NH3,SO2
1436,NO2,PM2.5,PM2.5
1437,NH3,NH3,SO2
1440,CO,NO2,NO2
1442,CO,OZONE,OZONE
1443,PM10,PM2.5,PM2.5
1444,NO2,NH3,SO2
1446,PM10,CO,CO
1449,OZONE,NH3,SO2
1451,NH3,NH3,SO2
1452,PM2.5,PM10,PM10
1454,CO,OZONE,OZONE
1456,PM10,NO2,NO2
1457,NO2,NH3,SO2
1458,NH3,NH3,SO2
1459,CO,SO2,NO2
1460,OZONE,NH3,SO2
1461,PM2.5,PM10,PM10
1463,NH3,NH3,SO2
1464,CO,OZONE,OZONE
1465,SO2,NO2,NO2
1468,CO,NO2,NO2
1469,CO,NO2,NO2
1471,OZONE,NH3,SO2
1472,NH3,NH3,SO2
1476,NH3,NH3,SO2
1479,CO,PM10,PM10
1480,CO,NH3,SO2
1481,PM10,CO,CO
1483,PM10,CO,CO
1484,NH3,NH3,SO2
1486,CO,NO2,NO2
1488,CO,OZONE,OZONE
1490,NO2,NH3,SO2
1491,CO,SO2,SO2
1494,CO,SO2,SO2
1495,OZONE,SO2,NO2
1500,NH3,SO2,SO2
1501,SO2,SO2,NO2
1503,PM2.5,PM10,PM10
1504,PM10,CO,CO
1505,NO2,PM2.5,PM2.5
1507,CO,NH3,NO2
1508,PM10,OZONE,OZONE
1509,CO,NH3,SO2
1510,OZONE,NH3,SO2
1511,PM10,CO,CO
1514,CO,OZONE,NO2
1515,PM2.5,NO2,NO2
1516,PM10,CO,CO
1517,NO2,NH3,SO2
1518,OZONE,NH3,SO2
1519,PM10,CO,CO
1520,PM2.5,CO,CO
1521,NH3,NH3,SO2
1522,CO,NH3,SO2
1523,OZONE,CO,NO2
1524,PM10,CO,CO
1525,NO2,NH3,SO2
1526,OZONE,NH3,SO2
1527,PM2.5,OZONE,OZONE
1529,CO,NO2,NO2
1530,PM10,CO,CO
1533,NH3,NH3,SO2
1534,CO,NH3,NO2
1535,PM10,CO,CO
1536,CO,NO2,NO2
1537,NH3,NH3,SO2
1538,PM10,NH3,SO2
1539,CO,NO2,NO2
1540,PM10,CO,NO2
1541,PM2.5,PM10,PM10
1542,PM10,CO,CO
1543,NH3,NH3,SO2
1544,OZONE,SO2,SO2
1545,SO2,PM10,PM10
1546,NO2,SO2,SO2
1547,NH3,NH3,SO2
1548,OZONE,NH3,NO2
1550,CO,NO2,NO2
1551,PM2.5,CO,CO
1555,NH3,SO2,SO2
1556,PM10,NO2,NO2
1557,NO2,SO2,SO2
1558,NH3,SO2,SO2
1559,PM2.5,PM10,PM10
1560,NO2,SO2,SO2
1562,CO,OZONE,OZONE
1563,PM10,SO2,NO2
1564,NO2,NH3,SO2
1565,OZONE,SO2,SO2
1567,OZONE,SO2,NO2
1569,OZONE,NO2,NO2
1570,PM2.5,NO2,NO2
1571,PM10,NO2,NO2
1573,NH3,NH3,SO2
1575,CO,NO2,NO2
1576,OZONE,NO2,NO2
1578,NH3,NH3,SO2
1581,SO2,NO2,NO2
1583,NH3,NH3,SO2
1584,PM2.5,CO,CO
1585,NO2,SO2,SO2
1586,NH3,NH3,SO2
1589,SO2,NO2,NO2
1592,CO,OZONE,OZONE
1594,NO2,OZONE,OZONE
1595,NH3,NH3,SO2
1599,PM10,PM2.5,PM2.5
1600,CO,NO2,NO2
1601,NO2,SO2,SO2
1603,CO,PM10,PM10
1604,NO2,PM10,PM10
1605,NH3,SO2,SO2
1608,NH3,NH3,SO2
1610,OZONE,NH3,SO2
1611,NO2,OZONE,OZONE
1612,NH3,NH3,SO2
1613,SO2,OZONE,OZONE
1618,CO,NO2,NO2
1619,SO2,SO2,NO2
1621,NH3,NH3,SO2
1622,PM2.5,CO,CO
1623,NH3,SO2,SO2
1625,PM2.5,PM10,PM10
1626,NO2,CO,CO
1627,CO,OZONE,OZONE
1629,NH3,NH3,SO2
1631,NH3,NH3,SO2
1633,NH3,NO2,NO2
1634,PM10,PM2.5,PM2.5
1635,NO2,OZONE,OZONE
1636,NH3,SO2,SO2
1637,PM10,PM2.5,PM2.5
1638,PM10,CO,CO
1640,NO2,PM10,PM10
1641,NH3,NO2,NO2
1642,SO2,CO,CO
1643,NO2,CO,CO
1644,SO2,SO2,NO2
1646,SO2,SO2,NO2
1647,NO2,CO,CO
1649,NH3,SO2,SO2
1650,PM10,NH3,SO2
1651,NO2,NH3,SO2
1654,SO2,SO2,NO2
1655,CO,OZONE,OZONE
1656,CO,PM10,PM10
1658,OZONE,SO2,SO2
1659,PM2.5,CO,CO
1660,CO,OZONE,OZONE
1662,NH3,NH3,SO2
1663,NO2,CO,CO
1664,NO2,NH3,SO2
1665,NH3,NH3,SO2
1667,SO2,NO2,NO2
1669,SO2,CO,CO
1670,CO,OZONE,OZONE
1675,CO,NH3,SO2
1677,NO2,CO,CO
1678,NH3,NH3,SO2
1679,CO,NO2,NO2
1680,NO2,CO,CO
1683,PM10,PM2.5,PM2.5
1684,OZONE,NO2,NO2
1685,SO2,NO2,NO2
1688,SO2,CO,CO
1689,NH3,SO2,SO2
1692,NO2,OZONE,OZONE
1693,NH3,SO2,NO2
1694,PM2.5,SO2,SO2
1696,PM10,PM2.5,PM2.5
1698,NO2,PM2.5,PM2.5
1699,SO2,CO,CO
1700,CO,SO2,SO2
1704,OZONE,NO2,NO2
1705,PM10,SO2,SO2
1707,NH3,SO2,SO2
1709,PM10,SO2,SO2
1711,CO,PM10,PM10
1712,CO,NH3,SO2
1713,PM2.5,OZONE,OZONE
1714,NH3,SO2,SO2
1715,PM2.5,NH3,SO2
1716,PM10,SO2,NO2
1717,OZONE,NH3,SO2
1718,PM2.5,NH3,SO2
1719,NH3,NH3,SO2
1722,PM2.5,PM10,PM10
1723,PM2.5,PM10,PM10
1724,CO,NH3,NO2
1728,NH3,NH3,SO2
1729,PM2.5,PM10,PM10
1730,NO2,NH3,SO2
1731,SO2,NO2,NO2
1732,OZONE,NO2,NO2
1733,NH3,NH3,SO2
1741,CO,PM10,PM10
1743,PM10,NO2,NO2
1744,PM2.5,PM10,PM10
1752,CO,NO2,NO2
1753,PM10,CO,CO
1755,NH3,NH3,SO2
1756,PM10,PM2.5,PM2.5
1757,NH3,NO2,NO2
1759,PM10,NH3,SO2
1760,NH3,NH3,SO2
1761,CO,OZONE,OZONE
1763,NH3,NH3,SO2
1767,CO,NO2,NO2
1768,NO2,CO,CO
1773,NH3,NH3,SO2
1776,PM10,PM2.5,PM2.5
1777,NO2,CO,CO
1778,CO,PM10,PM10
1779,PM10,PM2.5,PM2.5
1781,NO2,OZONE,OZONE
1783,OZONE,NO2,NO2
1785,NO2,SO2,SO2
1786,NH3,NH3,SO2
1789,NH3,NO2,NO2
1791,NH3,NH3,SO2
1800,NH3,NH3,SO2
1802,OZONE,PM2.5,PM2.5
1806,CO,NO2,NO2
1809,PM2.5,PM10,PM10
1812,NO2,SO2,SO2
1816,SO2,SO2,NO2
1817,OZONE,SO2,NO2
1818,PM10,SO2,SO2
1819,PM10,SO2,SO2
1821,NH3,NH3,SO2
1822,CO,NH3,SO2
1823,NO2,NH3,SO2
1824,OZONE,NH3,SO2
1825,NO2,SO2,SO2
1826,PM10,CO,CO
1828,CO,SO2,SO2
1829,PM2.5,PM10,PM10
1830,CO,SO2,SO2
1831,OZONE,NH3,SO2
1832,NO2,NH3,SO2
1834,NH3,NH3,SO2
1836,PM10,SO2,NO2
1837,NH3,SO2,SO2
1839,OZONE,SO2,SO2
1840,PM2.5,SO2,SO2
1841,PM10,SO2,SO2
1842,NO2,SO2,SO2
1843,CO,SO2,SO2
1844,PM10,SO2,NO2
1845,CO,SO2,SO2
1846,NH3,SO2,SO2
1847,OZONE,SO2,SO2
1848,PM2.5,CO,CO
1849,PM2.5,SO2,NO2
1853,OZONE,NH3,SO2
1854,NO2,NH3,SO2
1856,OZONE,NH3,SO2
1860,NO2,NH3,SO2
1861,NO2,SO2,SO2
1862,NH3,NH3,SO2
1863,NO2,NH3,SO2
1864,OZONE,NH3,SO2
1865,PM2.5,SO2,NO2
1866,NO2,SO2,SO2
1867,NH3,NH3,SO2
1869,NH3,NH3,SO2
1870,NH3,NH3,SO2
1871,CO,OZONE,OZONE
1872,NH3,NH3,SO2
1873,PM2.5,PM10,PM10
1874,NH3,NH3,SO2
1875,PM2.5,PM10,PM10
1876,SO2,SO2,NO2
1877,OZONE,SO2,SO2
1878,NO2,CO,CO
1883,CO,SO2,NO2
1884,NO2,PM10,PM10
1885,OZONE,NH3,SO2
1888,NH3,NH3,SO2
1889,CO,OZONE,OZONE
1890,NO2,NH3,SO2
1891,NH3,NH3,SO2
1892,NH3,NH3,SO2
1893,PM2.5,PM10,PM10
1894,CO,NO2,NO2
1895,NH3,NH3,SO2
1896,NO2,OZONE,OZONE
1898,NH3,NH3,SO2
1899,NH3,SO2,SO2
1901,PM2.5,PM10,PM10
1902,PM2.5,NH3,SO2
1903,NO2,SO2,SO2
1904,PM10,NH3,SO2
1905,NO2,NH3,SO2
1906,CO,OZONE,OZONE
1907,OZONE,SO2,SO2
1908,OZONE,OZONE,NO2
1909,NH3,SO2,SO2
1911,PM10,PM2.5,PM2.5
1913,CO,CO,NO2
1914,PM2.5,PM10,PM10
1915,NH3,NH3,SO2
1917,CO,NO2,NO2
1918,PM10,PM2.5,PM2.5
1920,NO2,CO,CO
1921,NO2,SO2,SO2
1922,OZONE,SO2,SO2
1923,PM10,CO,PM2.5
1924,NH3,SO2,SO2
1926,PM2.5,CO,CO
1927,OZONE,SO2,SO2
1928,CO,SO2,NO2
1929,PM10,CO,CO
1932,NO2,SO2,SO2
1935,OZONE,NH3,SO2
1937,NH3,NH3,SO2
1939,NH3,NH3,SO2
1940,CO,NO2,NO2
1941,NH3,NH3,SO2
1943,OZONE,SO2,SO2
1944,OZONE,CO,NO2
1946,OZONE,NO2,NO2
1947,CO,PM10,PM10
1949,NH3,NH3,SO2
1950,CO,PM10,PM10
1952,NH3,NH3,SO2
1955,PM2.5,PM10,PM10
1957,PM10,CO,CO
1958,NH3,NH3,SO2
1960,NH3,NH3,SO2
1963,CO,NO2,NO2
1966,NH3,SO2,NO2
1967,CO,NO2,NO2
1968,PM2.5,PM10,PM10
1969,NH3,SO2,SO2
1971,SO2,SO2,NO2
1972,PM10,SO2,SO2
1973,PM10,CO,CO
1974,NO2,OZONE,CO
1977,SO2,NO2,NO2
1978,CO,NO2,NO2
1979,OZONE,NO2,NO2
1980,NH3,NO2,NO2
1981,CO,NO2,NO2
1983,NH3,NO2,NO2
1986,NH3,NO2,NO2
1987,CO,NO2,NO2
1988,OZONE,NO2,NO2
1989,SO2,NO2,NO2
1991,SO2,NO2,NO2
1992,OZONE,NO2,NO2
1993,SO2,NO2,NO2
1995,CO,OZONE,OZONE
1996,CO,OZONE,OZONE
1997,PM2.5,PM10,PM10
1998,NO2,NH3,SO2
2000,NO2,CO,CO
2001,NH3,NH3,SO2
2003,PM10,PM2.5,PM2.5
2005,SO2,CO,NO2
2007,PM10,PM2.5,PM2.5
2008,NO2,CO,CO
2012,CO,SO2,NO2
2014,CO,OZONE,NO2
2016,PM2.5,NH3,SO2
2018,OZONE,NO2,NO2
2019,PM10,SO2,SO2
2020,NH3,SO2,SO2
2021,NO2,SO2,SO2
2023,PM10,PM2.5,PM2.5
2025,PM2.5,NH3,SO2
2026,NH3,NH3,SO2
2028,PM10,PM2.5,PM2.5
2030,NH3,SO2,SO2
2031,PM2.5,PM10,PM10
2032,NO2,SO2,SO2
2033,PM10,SO2,SO2
2034,NO2,CO,CO
2036,SO2,NO2,NO2
2037,PM2.5,PM10,PM10
2039,NO2,NH3,SO2
2040,NH3,NH3,SO2
2041,PM10,PM2.5,PM2.5
2042,PM10,NH3,SO2
2044,NO2,CO,CO
2045,SO2,OZONE,OZONE
2048,NH3,NH3,SO2
2049,PM10,NH3,SO2
2050,NH3,NH3,SO2
2051,SO2,NO2,NO2
2055,OZONE,SO2,NO2
2056,NO2,SO2,SO2
2059,OZONE,SO2,SO2
2062,NH3,SO2,SO2
2064,NH3,SO2,SO2
2065,CO,CO,NO2
2068,NH3,NH3,NO2
2075,PM10,PM2.5,PM2.5
2078,PM10,PM2.5,PM2.5
2080,OZONE,NH3,SO2
2081,PM10,PM2.5,PM2.5
2083,PM10,PM2.5,PM2.5
2085,PM10,NH3,SO2
2086,NO2,NH3,SO2
2088,PM10,PM2.5,PM2.5
2089,SO2,NO2,NO2
2090,NO2,CO,CO
2095,NO2,NH3,SO2
2098,NO2,CO,CO
2100,NO2,CO,CO
2101,NH3,NH3,SO2
2103,NO2,OZONE,OZONE
2104,PM10,PM2.5,PM2.5
2105,PM10,PM2.5,PM2.5
2106,CO,OZONE,OZONE
2110,CO,NO2,NO2
2111,OZONE,NH3,NO2
2112,PM10,PM2.5,PM2.5
2116,NO2,NH3,SO2
2117,NH3,NH3,SO2
2120,NO2,NH3,SO2
2121,CO,OZONE,OZONE
2122,NH3,NH3,SO2
2123,PM2.5,PM10,PM10
2127,NO2,NH3,SO2
2128,PM10,NH3,SO2
2129,CO,NO2,NO2
2130,PM10,CO,CO
2131,PM10,PM2.5,PM2.5
2132,PM10,PM2.5,PM2.5
2133,NO2,NH3,SO2
2135,SO2,NO2,NO2
2137,NO2,NH3,SO2
2138,OZONE,NH3,SO2
2139,NO2,CO,CO
2141,PM10,PM2.5,PM2.5
2143,SO2,CO,NO2
2148,SO2,OZONE,OZONE
2151,PM10,PM2.5,PM2.5
2152,SO2,SO2,NO2
2153,NH3,NH3,SO2
2154,NO2,NH3,SO2
2155,OZONE,SO2,NO2
2156,NH3,SO2,SO2
2157,NH3,NH3,SO2
2159,SO2,SO2,NO2
2160,SO2,SO2,NO2
2161,OZONE,SO2,NO2
2163,PM10,SO2,SO2
2164,CO,SO2,SO2
2165,OZONE,SO2,SO2
2166,NO2,NH3,SO2
2167,NO2,PM2.5,PM2.5
2168,SO2,SO2,NO2
2169,CO,PM10,PM10
2170,OZONE,NH3,SO2
2173,CO,NO2,NO2
2174,OZONE,NH3,SO2
2175,NO2,NH3,SO2
2176,PM10,NH3,SO2
2177,PM2.5,OZONE,OZONE
2178,PM10,CO,CO
2179,NO2,NH3,SO2
2180,PM10,SO2,NO2
2182,CO,PM10,PM10
2183,NH3,NH3,SO2
2184,PM2.5,NO2,NO2
2185,PM10,NO2,NO2
2187,CO,NO2,NO2
2188,PM10,CO,CO
2189,NO2,NH3,SO2
2190,OZONE,NH3,SO2
2191,OZONE,OZONE,NO2
2192,NO2,NH3,SO2
2194,OZONE,NH3,SO2
2195,PM2.5,OZONE,OZONE
2196,NH3,NH3,SO2
2198,NH3,NH3,SO2
2200,PM10,CO,CO
2201,PM10,NO2,NO2
2202,PM2.5,OZONE,OZONE
2203,NO2,SO2,SO2
2205,NH3,SO2,SO2
2206,SO2,NO2,NO2
2207,PM2.5,SO2,NO2
2208,NH3,SO2,SO2
2210,CO,NO2,NO2
2211,OZONE,SO2,NO2
2212,NH3,SO2,SO2
2213,OZONE,SO2,NO2
2214,PM2.5,NH3,SO2
2216,CO,NO2,NO2
2217,NO2,NH3,SO2
2218,NH3,NH3,SO2
2219,PM10,OZONE,OZONE
2220,SO2,SO2,NO2
2221,NO2,CO,CO
2222,CO,OZONE,OZONE
2223,NH3,NH3,SO2
2224,CO,NH3,SO2
2225,PM10,PM2.5,PM2.5
2226,NO2,NH3,SO2
2227,NH3,NH3,SO2
2229,CO,CO,NO2
2230,OZONE,NO2,NO2
2231,PM10,PM2.5,PM2.5
2232,CO,OZONE,OZONE
2235,NO2,CO,CO
2236,NH3,NH3,SO2
2237,CO,OZONE,OZONE
2238,NO2,NH3,SO2
2239,CO,PM2.5,PM2.5
2240,NH3,NH3,SO2
2241,PM2.5,PM10,PM10
2242,PM10,CO,CO
2243,NH3,NH3,SO2
2244,SO2,SO2,NO2
2246,OZONE,PM10,PM10
2248,NH3,NH3,SO2
2250,SO2,CO,CO
2255,NO2,OZONE,OZONE
2256,SO2,CO,CO
2258,PM2.5,NH3,SO2
2259,PM10,NH3,SO2
2260,CO,PM10,PM10
2262,SO2,NO2,NO2
2267,PM2.5,PM10,PM10
2268,NH3,NH3,SO2
2269,CO,OZONE,OZONE
2270,PM10,PM2.5,PM2.5
2272,PM2.5,NH3,SO2
2273,NO2,NH3,SO2
2275,NH3,NH3,SO2
2276,PM2.5,PM10,PM10
2277,NH3,NH3,SO2
2279,NO2,PM10,PM10
2280,CO,OZONE,NO2
2286,NO2,PM10,PM10
2287,PM10,CO,CO
2288,PM2.5,PM10,PM10
2289,CO,NO2,NO2
2291,SO2,OZONE,OZONE
2293,NO2,CO,CO
2294,CO,PM10,PM10
2296,PM2.5,PM10,PM10
2298,NH3,SO2,SO2
2300,CO,PM10,PM10
2305,CO,SO2,NO2
2309,NO2,PM2.5,PM2.5
2313,PM10,PM2.5,PM2.5
2315,NH3,SO2,SO2
2317,NH3,NH3,SO2
2322,NO2,PM10,PM10
2323,NH3,SO2,SO2
2326,NH3,SO2,SO2
2329,NH3,NH3,SO2
2330,PM2.5,CO,CO
2331,NH3,NH3,SO2
2336,NH3,NH3,SO2
2338,SO2,SO2,NO2
2340,NO2,NH3,SO2
2342,PM10,PM2.5,PM2.5
2343,OZONE,NO2,NO2
2344,NH3,NH3,SO2
2346,PM10,PM2.5,PM2.5
2347,NH3,NH3,SO2
2348,CO,NO2,NO2
2349,PM2.5,PM10,PM10
2352,PM10,PM2.5,PM2.5
2356,CO,OZONE,OZONE
2358,CO,OZONE,OZONE
2359,NO2,SO2,SO2
2360,CO,NO2,NO2
2362,CO,CO,NO2
2365,PM10,PM2.5,PM2.5
2367,PM2.5,PM10,PM10
2369,PM2.5,PM10,PM10
2370,NO2,PM10,PM10
2371,CO,NO2,NO2
2372,NH3,SO2,SO2
2374,CO,OZONE,OZONE
2377,PM2.5,PM10,PM10
2378,PM2.5,SO2,SO2
2379,NH3,SO2,SO2
2380,NO2,SO2,SO2
2381,CO,NH3,SO2
2382,PM2.5,PM10,PM10
2383,PM10,NO2,NO2
2384,SO2,NO2,NO2
2387,NH3,NH3,SO2
2392,NO2,NH3,SO2
2393,SO2,SO2,NO2
2395,PM10,PM2.5,PM2.5
2398,OZONE,SO2,NO2
2399,PM10,CO,CO
2400,NH3,NH3,SO2
2401,OZONE,NH3,SO2
2402,CO,SO2,SO2
2403,NH3,SO2,SO2
2405,PM2.5,PM10,PM10
2406,NH3,SO2,SO2
2408,NH3,SO2,SO2
2409,OZONE,NO2,NO2
2410,SO2,SO2,NO2
2411,NH3,NH3,SO2
2412,PM2.5,PM10,PM10
2413,PM2.5,PM10,PM10
2414,NH3,NH3,SO2
2418,OZONE,NH3,SO2
2420,PM2.5,PM10,PM10
2422,PM2.5,NH3,SO2
2427,OZONE,NH3,SO2
2431,NO2,CO,CO
2434,NO2,OZONE,OZONE
2435,NH3,NH3,SO2
2437,NH3,SO2,NO2
2438,CO,NO2,NO2
2442,NH3,NH3,SO2
2447,CO,OZONE,OZONE
2450,NH3,NH3,SO2
2451,NO2,PM10,PM10
2453,OZONE,OZONE,CO
2455,CO,PM2.5,PM2.5
2456,OZONE,NO2,NO2
2458,PM10,PM2.5,PM2.5
2464,NH3,SO2,SO2
2465,OZONE,NO2,NO2
2467,CO,NO2,NO2
2468,PM2.5,PM10,PM10
2469,NO2,OZONE,OZONE
2470,NH3,SO2,SO2
2474,NO2,PM10,PM10
2475,CO,PM2.5,PM2.5
2476,OZONE,NH3,SO2
2477,NH3,NH3,SO2
2478,OZONE,NH3,SO2
2479,PM10,CO,CO
2480,CO,OZONE,OZONE
2482,NO2,NH3,SO2
2483,PM2.5,PM10,PM10
2485,PM2.5,OZONE,NO2
2486,PM10,NO2,NO2
2487,NO2,SO2,SO2
2489,SO2,PM10,PM10
2490,PM10,SO2,SO2
2491,NO2,SO2,SO2
2493,NH3,SO2,SO2
2494,CO,SO2,SO2
2495,NH3,NH3,SO2
2497,OZONE,NH3,SO2
2498,PM10,OZONE,PM2.5
2499,NO2,PM10,PM10
2500,CO,NO2,NO2
2501,NO2,NH3,SO2
2502,NH3,NH3,SO2
2504,NH3,NH3,SO2
2505,CO,SO2,SO2
2506,CO,SO2,SO2
2507,PM10,SO2,NO2
2508,CO,SO2,NO2
2510,OZONE,SO2,SO2
2512,PM10,OZONE,OZONE
2513,CO,NH3,SO2
2516,CO,NO2,NO2
2517,OZONE,NH3,SO2
2518,CO,NO2,NO2
2519,CO,NH3,SO2
2522,NH3,NH3,SO2
2523,SO2,NO2,NO2
2524,NO2,NH3,SO2
2525,NH3,NH3,SO2
2526,NH3,NH3,SO2
2528,CO,OZONE,OZONE
2529,NO2,CO,CO
2532,SO2,NO2,NO2
2533,PM2.5,CO,CO
2539,OZONE,SO2,NO2
2540,PM2.5,PM10,PM10
2545,OZONE,SO2,SO2
2548,PM2.5,PM10,PM10
2549,PM10,CO,PM2.5
2550,SO2,NO2,NO2
2552,OZONE,SO2,SO2
2553,NH3,NH3,SO2
2557,NO2,OZONE,OZONE
2558,PM2.5,NH3,SO2
2560,NO2,CO,CO
2563,CO,SO2,NO2
2566,NO2,SO2,SO2
2567,CO,CO,NO2
2571,NO2,PM10,PM10
2572,NH3,NH3,SO2
2574,PM2.5,PM10,PM10
2576,NH3,NH3,SO2
2578,NH3,SO2,SO2
2580,OZONE,SO2,SO2
2581,NH3,SO2,SO2
2582,OZONE,SO2,SO2
2583,NH3,SO2,SO2
2585,PM10,OZONE,OZONE
2586,NO2,NH3,SO2
2587,PM2.5,PM10,PM10
2589,PM2.5,SO2,SO2
2590,OZONE,SO2,SO2
2591,CO,OZONE,OZONE
2593,PM10,CO,CO
2599,PM10,NH3,SO2
2600,NO2,NH3,SO2
2601,PM10,PM2.5,PM2.5
2602,NH3,NH3,SO2
2604,PM10,PM2.5,PM2.5
2606,NH3,SO2,SO2
2608,CO,CO,NO2
2610,NO2,SO2,SO2
2612,PM10,CO,CO
2613,NO2,OZONE,OZONE
2614,CO,OZONE,OZONE
2616,NO2,SO2,SO2
2617,OZONE,NO2,NO2
2618,NH3,NH3,SO2
2619,NO2,NH3,SO2
2620,CO,NO2,NO2
2621,NH3,NH3,SO2
2623,PM10,PM2.5,PM2.5
2624,PM10,CO,CO
2625,NO2,CO,CO
2627,PM2.5,CO,NO2
2628,NH3,SO2,NO2
2629,SO2,SO2,NO2
2630,CO,NO2,NO2
2631,SO2,NO2,NO2
2632,CO,OZONE,OZONE
2634,PM10,PM2.5,PM2.5
2635,OZONE,NO2,NO2
2637,PM2.5,NO2,NO2
2638,CO,NO2,NO2
2639,NO2,NH3,SO2
2641,NH3,NH3,SO2
2642,OZONE,NO2,NO2
2643,PM2.5,PM10,PM10
2644,PM10,OZONE,OZONE
2645,CO,OZONE,OZONE
2646,NH3,NH3,SO2
2647,NO2,NH3,SO2
2648,CO,OZONE,OZONE
2650,OZONE,NH3,SO2
2651,PM2.5,PM10,PM10
2652,SO2,NO2,NO2
2653,NH3,NH3,SO2
2656,NH3,NH3,SO2
2657,NH3,NH3,SO2
2659,OZONE,NO2,NO2
2661,SO2,SO2,NO2
2662,SO2,OZONE,OZONE
2665,CO,CO,NO2
2666,PM2.5,SO2,SO2
2667,NO2,SO2,SO2
2670,CO,OZONE,OZONE
2673,SO2,SO2,NO2
2676,SO2,SO2,NO2
2678,OZONE,NO2,NO2
2679,NH3,NH3,SO2
2681,NH3,SO2,SO2
2682,OZONE,SO2,SO2
2684,OZONE,NO2,NO2
2687,NO2,SO2,SO2
2688,CO,OZONE,OZONE
2689,PM2.5,PM10,PM10
2691,CO,CO,NO2
2692,OZONE,SO2,SO2
2693,SO2,NO2,NO2
2695,NH3,NH3,SO2
2696,NH3,NH3,SO2
2697,SO2,NH3,NO2
2698,NH3,NH3,SO2
2700,OZONE,NH3,SO2
2702,NH3,NH3,SO2
2703,CO,NO2,NO2
2706,PM10,SO2,SO2
2707,CO,NO2,NO2
2708,OZONE,SO2,SO2
2713,OZONE,NH3,NO2
2715,OZONE,NH3,SO2
2717,NH3,NH3,SO2
2718,OZONE,NO2,NO2
2719,CO,CO,NO2
2724,NH3,NH3,SO2
2726,PM10,PM2.5,PM2.5
2727,OZONE,OZONE,NO2
2732,NH3,NH3,SO2
2733,PM2.5,PM10,PM10
2735,PM2.5,NH3,SO2
2736,PM10,PM2.5,PM2.5
2738,PM2.5,NH3,SO2
2740,PM10,PM2.5,PM2.5
2742,CO,OZONE,OZONE
2745,PM2.5,PM10,PM10
2746,SO2,NO2,NO2
2749,NO2,CO,CO
2750,CO,OZONE,OZONE
2751,OZONE,NO2,NO2
2752,NO2,NH3,SO2
2753,NH3,NH3,SO2
2756,OZONE,NH3,SO2
2757,NH3,NH3,SO2
2759,NH3,NH3,SO2
2762,NH3,NH3,SO2
2766,CO,NH3,SO2
2767,NO2,NH3,SO2
2768,CO,NH3,NO2
2770,NH3,NH3,SO2
2771,PM2.5,OZONE,OZONE
2772,NH3,NH3,SO2
2774,NH3,SO2,SO2
2775,SO2,NO2,NO2
2777,NH3,SO2,SO2
2778,NO2,NH3,SO2
2779,NH3,NH3,SO2
2780,NH3,NH3,SO2
2781,NO2,NH3,SO2
2782,NH3,NH3,SO2
2784,NH3,NH3,SO2
2786,CO,OZONE,OZONE
2787,NH3,NH3,SO2
2788,CO,NO2,NO2
2789,OZONE,NO2,NO2
2790,NO2,OZONE,OZONE
2791,PM10,OZONE,OZONE
2793,CO,NH3,SO2
2794,NH3,NH3,SO2
2797,NH3,SO2,NO2
2798,CO,NO2,NO2
2802,NO2,NH3,SO2
2803,NH3,NH3,SO2
2805,NO2,NH3,SO2
2806,NH3,NH3,SO2
2807,OZONE,NH3,NO2
2808,CO,CO,NO2
2811,NO2,SO2,SO2
2812,PM2.5,PM10,PM10
2813,NO2,SO2,SO2
2815,NO2,SO2,SO2
2816,NH3,NH3,SO2
2818,PM2.5,CO,CO
2819,NH3,SO2,SO2
2821,SO2,SO2,NO2
2822,CO,NO2,NO2
2823,OZONE,SO2,NO2
2824,OZONE,SO2,NO2
2826,SO2,CO,CO
2827,OZONE,NH3,SO2
2828,OZONE,NH3,SO2
2829,PM2.5,NO2,NO2
2830,PM10,NO2,NO2
2831,NO2,NH3,SO2
2832,PM2.5,NH3,SO2
2833,NH3,NH3,SO2
2834,PM2.5,PM10,PM10
2835,NO2,NH3,SO2
2836,OZONE,NH3,SO2
2837,OZONE,NH3,SO2
2838,NH3,NH3,SO2
2840,OZONE,NH3,SO2
2841,PM10,OZONE,OZONE
2843,NH3,NH3,SO2
2844,CO,OZONE,OZONE
2845,PM10,CO,CO
2847,CO,NO2,NO2
2848,PM10,CO,CO
2850,PM10,CO,CO
2851,PM2.5,NH3,NO2
2852,NH3,NH3,SO2
2853,OZONE,NH3,NO2
2855,NH3,NH3,SO2
2857,PM2.5,OZONE,OZONE
2858,PM10,OZONE,OZONE
2859,NH3,NH3,SO2
2860,OZONE,NO2,NO2
2862,PM10,NH3,SO2
2863,OZONE,NO2,NO2
2864,PM2.5,NO2,NO2
2865,CO,NO2,NO2
2869,NH3,NH3,SO2
2872,PM2.5,NO2,NO2
2874,NH3,NH3,SO2
2875,CO,SO2,NO2
2876,PM10,NO2,NO2
2877,NH3,NH3,SO2
2878,NH3,SO2,SO2
2881,SO2,PM10,PM10
2882,CO,PM10,PM10
2883,NO2,SO2,SO2
2884,SO2,SO2,NO2
2885,PM2.5,SO2,NO2
2887,SO2,SO2,NO2
2888,NO2,NH3,SO2
2890,OZONE,SO2,SO2
2891,PM2.5,CO,CO
2892,PM10,OZONE,CO
2893,CO,SO2,NO2
2894,PM2.5,NO2,NO2
2895,PM10,NO2,NO2
2896,CO,NO2,NO2
2897,PM2.5,OZONE,OZONE
2898,NH3,SO2,SO2
2899,NO2,SO2,SO2
2901,SO2,NO2,NO2
2902,CO,NO2,NO2
2909,SO2,SO2,NO2
2910,NO2,PM10,PM10
2911,SO2,SO2,NO2
2912,PM10,NH3,SO2
2913,NO2,NH3,SO2
2914,PM10,NH3,SO2
2917,NO2,PM10,PM10
2919,NO2,NH3,SO2
2920,CO,OZONE,OZONE
2921,PM2.5,OZONE,OZONE
2922,NO2,SO2,SO2
2923,PM2.5,PM10,PM10
2924,CO,NO2,NO2
2927,OZONE,NO2,NO2
2929,CO,NO2,NO2
2930,PM2.5,PM10,PM10
2932,OZONE,NO2,NO2
2933,SO2,SO2,NO2
2934,NO2,NH3,SO2
2935,NH3,NH3,SO2
2936,CO,OZONE,OZONE
2937,NH3,NH3,SO2
2938,NO2,OZONE,OZONE
2940,PM2.5,PM10,PM10
2942,NH3,NH3,SO2
2943,CO,NO2,NO2
2944,OZONE,PM2.5,PM2.5
2946,CO,SO2,SO2
2947,OZONE,SO2,NO2
2948,NH3,NH3,SO2
2949,PM2.5,CO,CO
2950,SO2,PM10,PM10
2951,CO,CO,NO2
2954,SO2,CO,NO2
2957,NH3,SO2,SO2
2958,SO2,SO2,NO2
2960,NH3,SO2,SO2
2961,OZONE,CO,NO2
2963,NH3,SO2,SO2
2964,CO,PM10,PM10
2965,NH3,NH3,SO2
2966,CO,OZONE,OZONE
2967,NO2,OZONE,OZONE
2968,SO2,CO,NO2
2971,NO2,SO2,SO2
2975,PM2.5,PM10,PM10
2976,CO,SO2,SO2
2977,PM10,PM2.5,PM2.5
2979,NH3,NH3,SO2
2980,NO2,OZONE,OZONE
2984,OZONE,NO2,NO2
2987,CO,SO2,SO2
2988,PM10,NH3,SO2
2990,NO2,CO,CO
2992,NH3,NH3,SO2
2993,NO2,PM10,PM10
2994,NH3,NH3,SO2
2995,NO2,PM10,PM10
2998,NH3,NH3,SO2
3000,PM2.5,PM10,PM10
3001,PM10,CO,CO
3002,CO,CO,NO2
3004,NH3,NH3,SO2
3007,CO,OZONE,OZONE
3009,PM10,PM2.5,PM2.5
3011,NO2,CO,CO
3013,NO2,PM2.5,PM2.5
3014,SO2,SO2,NO2
3015,NO2,CO,CO
3017,CO,PM10,PM10
3018,OZONE,OZONE,NO2
3019,PM10,PM2.5,PM2.5
3021,NH3,SO2,SO2
3023,NH3,SO2,SO2
3024,CO,PM10,PM10
3025,NH3,SO2,SO2
3027,NH3,SO2,SO2
3028,SO2,CO,CO
3029,CO,PM10,PM10
3030,CO,NO2,NO2
3031,NH3,SO2,SO2
3032,SO2,SO2,NO2
3034,NH3,NH3,SO2
3035,NO2,SO2,SO2
3036,SO2,SO2,NO2
3037,OZONE,NH3,SO2
3038,PM10,SO2,SO2
3039,NO2,NH3,SO2
3040,NH3,NH3,SO2
3043,CO,NO2,NO2
3044,PM10,PM2.5,PM2.5
3045,NO2,NH3,SO2
3046,SO2,OZONE,OZONE
3049,SO2,NO2,NO2
3051,NH3,NH3,SO2
3053,PM2.5,PM10,PM10
3056,CO,NO2,NO2
3057,CO,NH3,SO2
3059,NO2,SO2,SO2
3060,NO2,SO2,SO2
3062,NH3,SO2,SO2
3063,NO2,SO2,SO2
3065,PM2.5,PM10,PM10
3066,NO2,NH3,SO2
3067,NH3,NH3,SO2
3068,PM10,OZONE,OZONE
3069,NO2,NH3,SO2
3070,NO2,SO2,SO2
3071,CO,NO2,NO2
3074,NO2,SO2,SO2
3076,OZONE,SO2,SO2
3077,NO2,SO2,SO2
3078,NH3,SO2,SO2
3080,OZONE,NO2,NO2
3081,PM2.5,PM10,PM10
3087,CO,OZONE,OZONE
3091,CO,CO,NO2
3097,CO,NO2,NO2
3099,PM10,PM2.5,PM2.5
3100,NH3,NH3,SO2
3102,CO,OZONE,OZONE
3105,NH3,SO2,SO2
3107,OZONE,NH3,SO2
3110,CO,OZONE,NO2
3112,PM10,PM2.5,PM2.5
3114,PM2.5,NH3,SO2
3115,NH3,NH3,SO2
3121,NO2,OZONE,CO
3123,NO2,CO,CO
3125,PM10,PM2.5,PM2.5
3131,PM10,PM2.5,PM2.5
3132,NO2,CO,CO
3133,NO2,CO,CO
3135,NH3,NH3,SO2
3136,OZONE,CO,CO
3138,NH3,SO2,SO2
3139,CO,NO2,NO2
3140,PM10,PM2.5,PM2.5
3142,OZONE,CO,CO
3143,NH3,SO2,SO2
3144,CO,SO2,SO2
3147,NH3,NO2,NO2
3148,OZONE,NO2,NO2
3151,NO2,NH3,SO2
3152,NH3,NH3,SO2
3154,CO,NH3,SO2
3155,PM10,NH3,SO2
3157,CO,OZONE,OZONE
3158,OZONE,NH3,SO2
3159,NO2,SO2,SO2
3161,NO2,NH3,SO2
3162,NH3,NH3,SO2
3163,PM2.5,NO2,NO2
3164,PM10,OZONE,OZONE
3165,SO2,SO2,NO2
3166,CO,NO2,NO2
3167,NH3,NH3,SO2
3169,OZONE,NH3,SO2
3170,NH3,NH3,SO2
3171,PM10,CO,CO
3172,NO2,SO2,SO2
3173,CO,NO2,NO2
3174,NH3,NH3,SO2
3175,NH3,NH3,SO2
3176,CO,OZONE,OZONE
3177,NO2,SO2,SO2
3178,CO,SO2,SO2
3179,PM2.5,SO2,NO2
3181,CO,NO2,NO2
3182,PM2.5,SO2,NO2
3183,NH3,SO2,SO2
3184,NO2,SO2,SO2
3185,PM2.5,SO2,SO2
3188,PM10,CO,CO
3189,CO,SO2,NO2
3190,NH3,NH3,SO2
3191,PM2.5,SO2,NO2
3192,PM2.5,PM10,PM10
3194,OZONE,SO2,SO2
3195,NO2,NH3,SO2
3196,CO,NO2,NO2
3197,PM2.5,CO,CO
3198,PM10,CO,CO
3200,OZONE,NH3,SO2
3201,PM2.5,NH3,SO2
3202,NH3,NH3,SO2
3203,NO2,NH3,SO2
3205,PM10,SO2,NO2
3206,NH3,NH3,SO2
3212,CO,NO2,NO2
3213,PM2.5,PM10,PM10
3214,NO2,NH3,SO2
3215,NH3,NH3,SO2
3216,PM2.5,PM10,PM10
3218,NO2,PM10,PM10
3220,PM10,CO,CO
3221,OZONE,NO2,NO2
3224,OZONE,NH3,SO2
3226,PM10,CO,CO
3230,NH3,NH3,SO2
3231,CO,NO2,NO2
3234,NH3,NH3,SO2
3236,PM10,CO,CO
3237,NH3,NH3,SO2
3240,NO2,OZONE,OZONE
3242,PM10,CO,CO
3243,OZONE,NH3,SO2
3244,NO2,CO,CO
3245,PM10,PM2.5,PM2.5
3247,PM10,PM2.5,PM2.5
3250,NO2,SO2,SO2
3251,NH3,NH3,SO2
3254,PM2.5,PM10,PM10
3255,NO2,NH3,SO2
3257,CO,NO2,NO2
3262,NH3,NH3,SO2
3263,CO,SO2,SO2
3264,PM2.5,PM10,PM10
3268,CO,OZONE,OZONE
3270,NH3,SO2,SO2
3272,PM2.5,PM10,PM10
3274,NO2,SO2,SO2
3275,OZONE,SO2,SO2
3276,PM2.5,PM10,PM10
3277,NH3,NH3,SO2
3280,OZONE,SO2,SO2
3281,OZONE,OZONE,NO2
3282,PM2.5,PM10,PM10
3283,NO2,SO2,SO2
3285,PM10,CO,CO
3291,CO,NO2,NO2
3292,NO2,OZONE,CO
3293,NH3,NH3,SO2
3294,CO,OZONE,OZONE
3296,CO,SO2,SO2
3297,PM2.5,PM10,PM10
3298,NO2,CO,CO
3299,NO2,OZONE,OZONE
3300,CO,NO2,NO2
3301,OZONE,NO2,NO2
3302,NH3,NH3,SO2
3303,CO,NO2,NO2
3304,OZONE,NO2,NO2
3305,NO2,SO2,SO2
3306,CO,OZONE,OZONE
3307,CO,OZONE,OZONE
3308,PM10,PM2.5,PM2.5
3309,NO2,OZONE,OZONE
3310,OZONE,CO,NO2
3312,NH3,SO2,SO2
3313,SO2,NO2,NO2
3315,NH3,SO2,SO2
